{
	"_id" : ObjectId("57a6eb9fe69fc3a40fa8d93a"),
	"time" : ISODate("2016-08-07T08:04:47.687Z"),
	"name" : "Espresso",
	"size" : "Grande",
	"type" : "Coffee",
	"price" : 2.05,
	"quantity" : 1,
	"amount" : 2.05,
	"__v" : 0
},
{
	"_id" : ObjectId("57a6eba9e69fc3a40fa8d93b"),
	"time" : ISODate("2016-08-07T08:04:57.125Z"),
	"name" : "Espresso",
	"size" : "Grande",
	"type" : "Coffee",
	"price" : 2.05,
	"quantity" : 2,
	"amount" : 4.1,
	"__v" : 0
},
{
	"_id" : ObjectId("57a6ebc7e69fc3a40fa8d93c"),
	"time" : ISODate("2016-08-07T08:05:27.683Z"),
	"name" : "Espresso",
	"size" : "Tall",
	"type" : "Coffee",
	"price" : 1.95,
	"quantity" : 1,
	"amount" : 1.95,
	"__v" : 0
},
{
	"_id" : ObjectId("57a6fb3fe69fc3a40fa8d93d"),
	"time" : ISODate("2016-08-07T09:11:27.974Z"),
	"name" : "Latte",
	"size" : "Tall",
	"type" : "Coffee",
	"price" : 3.4,
	"quantity" : 2,
	"amount" : 6.8,
	"__v" : 0
},
{
	"_id" : ObjectId("57a6fb4de69fc3a40fa8d93e"),
	"time" : ISODate("2016-08-07T09:11:41.205Z"),
	"name" : "Green Tea",
	"size" : "Venti",
	"type" : "Tea",
	"price" : 4.15,
	"quantity" : 2,
	"amount" : 8.3,
	"__v" : 0
},
{
	"_id" : ObjectId("57a75e8eaf3b3614307bd50e"),
	"time" : ISODate("2016-08-07T16:15:10.089Z"),
	"name" : "Espresso",
	"size" : "Tall",
	"type" : "Coffee",
	"price" : 1.95,
	"quantity" : 1,
	"amount" : 1.95,
	"__v" : 0
},
{
	"_id" : ObjectId("57a75e8faf3b3614307bd50f"),
	"time" : ISODate("2016-08-07T16:15:11.977Z"),
	"name" : "Espresso",
	"size" : "Tall",
	"type" : "Coffee",
	"price" : 1.95,
	"quantity" : 1,
	"amount" : 1.95,
	"__v" : 0
},
{
	"_id" : ObjectId("57a76a38af3b3614307bd510"),
	"time" : ISODate("2016-08-07T17:04:56.593Z"),
	"name" : "Espresso",
	"size" : "Tall",
	"type" : "Coffee",
	"price" : 1.95,
	"quantity" : 1,
	"amount" : 1.95,
	"__v" : 0
},
{
	"_id" : ObjectId("57a76a42af3b3614307bd511"),
	"time" : ISODate("2016-08-07T17:05:06.059Z"),
	"name" : "Espresso",
	"size" : "Tall",
	"type" : "Coffee",
	"price" : 1.95,
	"quantity" : 1,
	"amount" : 1.95,
	"__v" : 0
},
{
	"_id" : ObjectId("57a76a69af3b3614307bd512"),
	"time" : ISODate("2016-08-07T17:05:45.592Z"),
	"name" : "Espresso",
	"size" : "Tall",
	"type" : "Coffee",
	"price" : 1.95,
	"quantity" : 1,
	"amount" : 1.95,
	"__v" : 0
},
{
	"_id" : ObjectId("57a76a7aaf3b3614307bd513"),
	"time" : ISODate("2016-08-07T17:06:02.446Z"),
	"name" : "Espresso",
	"size" : "Tall",
	"type" : "Coffee",
	"price" : 1.95,
	"quantity" : 1,
	"amount" : 1.95,
	"__v" : 0
},
{
	"_id" : ObjectId("57a76a80af3b3614307bd514"),
	"time" : ISODate("2016-08-07T17:06:08.228Z"),
	"name" : "Green Tea",
	"size" : "Tall",
	"type" : "Tea",
	"price" : 3.45,
	"quantity" : 2,
	"amount" : 6.9,
	"__v" : 0
},
{
	"_id" : ObjectId("57a77d08af3b3614307bd515"),
	"time" : ISODate("2016-08-07T18:25:12.482Z"),
	"name" : "Espresso",
	"size" : "Grande",
	"type" : "Coffee",
	"price" : 2.05,
	"quantity" : 6,
	"amount" : 12.3,
	"__v" : 0
},
{
	"_id" : ObjectId("57a78251af3b3614307bd518"),
	"time" : ISODate("2016-08-07T18:47:45.542Z"),
	"name" : "Espresso",
	"size" : "Grande",
	"type" : "Coffee",
	"price" : 2.05,
	"quantity" : 2,
	"amount" : 4.1,
	"__v" : 0
},
{
	"_id" : ObjectId("57a78258af3b3614307bd519"),
	"time" : ISODate("2016-08-07T18:47:52.482Z"),
	"name" : "Espresso",
	"size" : "Grande",
	"type" : "Coffee",
	"price" : 2.05,
	"quantity" : 1,
	"amount" : 2.05,
	"__v" : 0
},
{
	"_id" : ObjectId("57a7825faf3b3614307bd51a"),
	"time" : ISODate("2016-08-07T18:47:59.133Z"),
	"name" : "Espresso",
	"size" : "Venti",
	"type" : "Coffee",
	"price" : 2.35,
	"quantity" : 1,
	"amount" : 2.35,
	"__v" : 0
},
{
	"_id" : ObjectId("57a784f9af3b3614307bd51e"),
	"time" : ISODate("2016-08-07T18:59:05.448Z"),
	"name" : "Espresso",
	"size" : "Tall",
	"type" : "Coffee",
	"price" : 3.15,
	"quantity" : 3,
	"amount" : 9.45,
	"__v" : 0
},
{
	"_id" : ObjectId("57a796b4af3b3614307bd51f"),
	"time" : ISODate("2016-08-07T20:14:44.968Z"),
	"name" : "Espresso",
	"size" : "Tall",
	"type" : "Coffee",
	"price" : 1.95,
	"quantity" : 1,
	"amount" : 1.95,
	"__v" : 0
},
{
	"_id" : ObjectId("57a797f1af3b3614307bd520"),
	"time" : ISODate("2016-08-07T20:20:01.054Z"),
	"name" : "Latte",
	"size" : "Grande",
	"type" : "Coffee",
	"price" : 4.45,
	"quantity" : 1,
	"amount" : 4.45,
	"__v" : 0
},
{
	"_id" : ObjectId("57a7c81d7e955d0427ff1c91"),
	"time" : ISODate("2016-08-07T23:45:33.282Z"),
	"name" : "Cappuccino",
	"size" : "Grande",
	"type" : "Coffee",
	"price" : 4.45,
	"quantity" : 1,
	"amount" : 4.45,
	"__v" : 0
},
{
	"_id" : ObjectId("57a7c9b57e955d0427ff1c92"),
	"time" : ISODate("2016-08-07T23:52:21.192Z"),
	"name" : "Espresso",
	"size" : "Venti",
	"type" : "Coffee",
	"price" : 2.35,
	"quantity" : 1,
	"amount" : 2.35,
	"__v" : 0
},
{
	"_id" : ObjectId("57a7c9e37e955d0427ff1c93"),
	"time" : ISODate("2016-08-07T23:53:07.759Z"),
	"name" : "Green Tea",
	"size" : "Venti",
	"type" : "Tea",
	"price" : 4.15,
	"quantity" : 1,
	"amount" : 4.15,
	"__v" : 0
},
{
	"_id" : ObjectId("57a7cc44dc7cea541ada4993"),
	"time" : ISODate("2016-08-08T00:03:16.641Z"),
	"name" : "Hot Tea",
	"size" : "Grande",
	"type" : "Tea",
	"price" : 1.95,
	"quantity" : 1,
	"amount" : 1.95,
	"__v" : 0
},
